date,checkpoint,dataRoot,l,m,numberOfCodes,kMin,inSample,spearman,spearmanLow,spearmanHigh,spearmanStratum,spearmanStratumLow,spearmanStratumHigh,stratumSize,regret1,regret1Low,regret1High,regret5,regret5Low,regret5High,regret10,regret10Low,regret10High,kMae,maeBefore,maeAfter,affineSlope,nll,noiseFloor,ece,labelReliability,labelCeiling
2026-07-25,/vol/bitbucket/osella/rl-qecc-data/supervisedLearning/2026-07-12_10-56-04/surrogate_6x6.pth,/vol/bitbucket/osella/rl-qecc-data/supervisedLearning/codeEvaluationTrainingData/l_6_m_6,6,6,100000,6,,0.8911177274607879,0.8893035371846068,0.8928879215206305,0.8911177274607879,0.8893035371846068,0.8928879215206305,100000,0.006743249999999999,0.0029970000000000066,0.006743249999999999,0.0029970000000000066,0.000998999999999993,0.006243749999999992,0.0012487499999999999,0.00024974999999999303,0.003752493749999994,1.289694261894226,0.00166110907350553,0.0016534653221948051,0.9878441498589455,13.001501371938872,12.60876523338691,0.002142558509143491,0.8892888471113567,0.9430211276060344
2026-07-25,/vol/bitbucket/osella/rl-qecc-data/supervisedLearning/2026-07-12_20-18-32/surrogate_6x6.pth,/vol/bitbucket/osella/rl-qecc-data/supervisedLearning/codeEvaluationTrainingData/l_6_m_6,6,6,100000,6,,0.905803593708492,0.9043253302636134,0.9072451794649495,0.905803593708492,0.9043253302636134,0.9072451794649495,100000,0.0039959999999999996,0.0027472499999999997,0.007242749999999999,0.0039959999999999996,0.001498499999999986,0.005993999999999999,0.0019980000000000067,0.0007492500000000069,0.0049949999999999994,1.3846560833501815,0.0015637035001453254,0.001550327120649787,0.9960731888486862,12.972130595287593,12.60876523338691,0.0025260270128314053,0.8892888471113567,0.9430211276060344
2026-07-25,/vol/bitbucket/osella/rl-qecc-data/supervisedLearning/2026-07-12_21-15-58/surrogate_6x6.pth,/vol/bitbucket/osella/rl-qecc-data/supervisedLearning/codeEvaluationTrainingData/l_6_m_6,6,6,100000,6,,0.903828716511259,0.9023177777282277,0.9053233243155452,0.903828716511259,0.9023177777282277,0.9053233243155452,100000,0.005993999999999999,0.0014985000000000068,0.006493499999999999,0.0019980000000000067,0.0007492500000000069,0.005993999999999999,0.0019980000000000067,0.0007492500000000069,0.0039959999999999996,1.3730910013389588,0.0015663454279174875,0.0015618414552472759,0.9575423586038936,12.972658671964986,12.60876523338691,0.0015371802927731546,0.8892888471113567,0.9430211276060344
2026-07-25,/vol/bitbucket/osella/rl-qecc-data/supervisedLearning/grounding/mixed66-96_seed0.pth,/vol/bitbucket/osella/rl-qecc-data/supervisedLearning/codeEvaluationTrainingData/l_6_m_6,6,6,100000,6,True,0.6902080535421566,0.6860917269000427,0.6940639547964123,0.6902080535421566,0.6860917269000427,0.6940639547964123,100000,0.007492499999999999,0.006243749999999999,0.031468499999999996,0.007492499999999999,0.006243749999999999,0.016483499999999998,0.007492499999999999,0.001997999999999986,0.011987999999999999,2.114929404525757,0.0029105371067375775,0.002892312236312609,1.0002589367141261,13.508052257596306,12.60876523338691,0.0025403572406593267,0.8892888471113567,0.9430211276060344
2026-07-25,/vol/bitbucket/osella/rl-qecc-data/supervisedLearning/grounding/mixed66-96_seed1.pth,/vol/bitbucket/osella/rl-qecc-data/supervisedLearning/codeEvaluationTrainingData/l_6_m_6,6,6,100000,6,True,0.6168431240895152,0.6116068162378582,0.6214539063283082,0.6168431240895152,0.6116068162378582,0.6214539063283082,100000,0.011488499999999999,0.006493499999999999,0.03172449375,0.006992999999999999,0.005744249999999999,0.010988999999999999,0.006992999999999999,0.0024974999999999997,0.010655999999999999,2.188189620256424,0.0031523779265015374,0.0031694527357762985,0.8782870236655511,13.677598695484585,12.60876523338691,0.003026545501235479,0.8892888471113567,0.9430211276060344
2026-07-25,/vol/bitbucket/osella/rl-qecc-data/supervisedLearning/grounding/mixed66-96_seed2.pth,/vol/bitbucket/osella/rl-qecc-data/supervisedLearning/codeEvaluationTrainingData/l_6_m_6,6,6,100000,6,True,0.6666221317640596,0.6621691936242138,0.6706549915031047,0.6666221317640596,0.6621691936242138,0.6706549915031047,100000,0.020229749999999998,0.009989999999999999,0.03321675,0.010489499999999999,0.007742249999999992,0.020229749999999998,0.007742249999999992,0.006743249999999985,0.011987999999999999,2.13121075009346,0.0030420329545431564,0.003039301450036389,1.0197337714170793,13.559696803550484,12.60876523338691,0.003578744936545226,0.8892888471113567,0.9430211276060344
2026-07-25,/vol/bitbucket/osella/rl-qecc-data/supervisedLearning/grounding/pure_2026-07-12_10-56-04.pth,/vol/bitbucket/osella/rl-qecc-data/supervisedLearning/codeEvaluationTrainingData/l_6_m_6,6,6,100000,6,True,0.8594524638468684,0.8571813427626341,0.8616755437818064,0.8594524638468684,0.8571813427626341,0.8616755437818064,100000,0.009989999999999999,0.0029969999999999997,0.009989999999999999,0.0034964999999999996,0.00024974999999999303,0.009490499999999999,0.0012487499999999999,0.0,0.0039959999999999996,1.372616316757202,0.00215995118862619,0.0018831430738351414,1.0592873141750498,13.145211164389396,12.60876523338691,0.010756900814193577,0.8892888471113567,0.9430211276060344
2026-07-25,/vol/bitbucket/osella/rl-qecc-data/supervisedLearning/grounding/anchored_2026-07-12_10-56-04.pth,/vol/bitbucket/osella/rl-qecc-data/supervisedLearning/codeEvaluationTrainingData/l_6_m_6,6,6,100000,6,True,0.8920452684854451,0.8903354446751645,0.8937580722615762,0.8920452684854451,0.8903354446751645,0.8937580722615762,100000,0.006743249999999999,0.0024974999999999928,0.006743249999999999,0.0034964999999999996,0.0017482500000000065,0.0054944999999999924,0.0029969999999999997,0.0007492499999999999,0.0034964999999999996,1.3657783708429336,0.0016517766019794363,0.0016494704037747856,0.9675102787245682,12.996158263978362,12.60876523338691,0.001506794135947286,0.8892888471113567,0.9430211276060344
2026-07-25,/vol/bitbucket/osella/rl-qecc-data/supervisedLearning/grounding/pure_2026-07-12_20-18-32.pth,/vol/bitbucket/osella/rl-qecc-data/supervisedLearning/codeEvaluationTrainingData/l_6_m_6,6,6,100000,6,True,0.874865624855063,0.8728982413533983,0.8768204420738032,0.874865624855063,0.8728982413533983,0.8768204420738032,100000,0.015983999999999998,0.010988999999999999,0.015983999999999998,0.006368624999999996,0.0029969999999999927,0.013486499999999998,0.0034964999999999927,0.0007492499999999999,0.006992999999999999,1.5422720110678674,0.002173597283014792,0.0017911566474212693,1.0584641243297817,13.157811327684348,12.60876523338691,0.011849146845908825,0.8892888471113567,0.9430211276060344
2026-07-25,/vol/bitbucket/osella/rl-qecc-data/supervisedLearning/grounding/anchored_2026-07-12_20-18-32.pth,/vol/bitbucket/osella/rl-qecc-data/supervisedLearning/codeEvaluationTrainingData/l_6_m_6,6,6,100000,6,True,0.9043983031403601,0.9028527498915006,0.9059204775108007,0.9043983031403601,0.9028527498915006,0.9059204775108007,100000,0.0039959999999999996,0.001498499999999986,0.006493499999999999,0.0024974999999999928,0.001248749999999993,0.005494499999999999,0.0024974999999999928,0.0009989999999999999,0.0039959999999999996,1.5180887422847749,0.0015748487905996441,0.0015620069341315428,0.983682778446584,12.976728848432554,12.60876523338691,0.0025972617069002983,0.8892888471113567,0.9430211276060344
2026-07-25,/vol/bitbucket/osella/rl-qecc-data/supervisedLearning/grounding/pure_2026-07-12_21-15-58.pth,/vol/bitbucket/osella/rl-qecc-data/supervisedLearning/codeEvaluationTrainingData/l_6_m_6,6,6,100000,6,True,0.86162282371136,0.8594269421713466,0.8637533820521768,0.86162282371136,0.8594269421713466,0.8637533820521768,100000,0.0044954999999999995,0.0032467499999999996,0.008491499999999999,0.003995999999999993,0.002996999999999986,0.005993999999999999,0.003995999999999993,0.002741006249999993,0.005993999999999999,1.518546473093033,0.002022472434241204,0.001892775700555726,1.039603072660818,13.106016589837173,12.60876523338691,0.006544430153571066,0.8892888471113567,0.9430211276060344
2026-07-25,/vol/bitbucket/osella/rl-qecc-data/supervisedLearning/grounding/anchored_2026-07-12_21-15-58.pth,/vol/bitbucket/osella/rl-qecc-data/supervisedLearning/codeEvaluationTrainingData/l_6_m_6,6,6,100000,6,True,0.9031318744961166,0.9016070120230915,0.9046098382474125,0.9031318744961166,0.9016070120230915,0.9046098382474125,100000,0.006493499999999999,0.0029907562499999867,0.008491499999999999,0.0017482499999999998,0.000749249999999993,0.0049949999999999994,0.0017482499999999998,0.0004994999999999999,0.0039959999999999996,1.5147948608541488,0.001577631338876534,0.0015702544599086766,0.9694900152153543,12.976738534578436,12.60876523338691,0.0018069612482876903,0.8892888471113567,0.9430211276060344
2026-07-25,/vol/bitbucket/osella/rl-qecc-data/supervisedLearning/2026-07-12_10-56-04/surrogate_6x6.pth,/vol/bitbucket/osella/rl-qecc-data/supervisedLearning/codeEvaluationTrainingData/l_9_m_6,9,6,100000,6,,0.6436494957119587,0.6397724364195408,0.6478113303953824,0.7784890767183495,0.7733615810177139,0.7841696527627413,37669,0.018980999999999998,0.008991000000000006,0.027971999999999997,0.010988999999999999,0.007492500000000006,0.018980999999999998,0.010988999999999999,0.007492500000000006,0.017232749999999998,4.571839107065201,0.004122700813007946,0.003990835935640064,0.9884535811797749,55.5253101056945,47.533232923578275,0.03333755469144581,0.9125583601190178,0.9552792053211552
2026-07-25,/vol/bitbucket/osella/rl-qecc-data/supervisedLearning/2026-07-12_20-18-32/surrogate_6x6.pth,/vol/bitbucket/osella/rl-qecc-data/supervisedLearning/codeEvaluationTrainingData/l_9_m_6,9,6,100000,6,,0.6213943586014469,0.6172000265658363,0.6256997013951952,0.731813515996949,0.7254647630095492,0.7382526779185584,37669,0.018481499999999998,0.0019980000000000137,0.018481499999999998,0.0035797499999999927,0.0002497500000000069,0.017857124999999995,0.0035797499999999927,8.324999999999999e-05,0.012986999999999999,4.619523301200867,0.004114345391063189,0.004073966381176492,0.9670214078845591,55.664035119325476,47.533232923578275,0.026772623436190485,0.9125583601190178,0.9552792053211552
2026-07-25,/vol/bitbucket/osella/rl-qecc-data/supervisedLearning/2026-07-12_21-15-58/surrogate_6x6.pth,/vol/bitbucket/osella/rl-qecc-data/supervisedLearning/codeEvaluationTrainingData/l_9_m_6,9,6,100000,6,,0.624195515977484,0.6199554524285248,0.6284801803577224,0.7500910558413636,0.7437540544870642,0.7562254966871279,37669,0.0330131076923077,0.010739250000000013,0.0330131076923077,0.012237749999999999,0.008658000000000006,0.02247750000000001,0.009490499999999999,0.005994000000000006,0.014235750000000005,4.533455837883949,0.004216091581421612,0.0040842717313183735,0.9063476795823687,56.43907901916779,47.533232923578275,0.03165268680983924,0.9125583601190178,0.9552792053211552
2026-07-25,/vol/bitbucket/osella/rl-qecc-data/supervisedLearning/grounding/mixed66-96_seed0.pth,/vol/bitbucket/osella/rl-qecc-data/supervisedLearning/codeEvaluationTrainingData/l_9_m_6,9,6,100000,6,True,0.7218752936578424,0.7187309471452872,0.7254739337489406,0.7907337308330412,0.7862422693875143,0.7955899299205353,37669,0.0474525,0.018231750000000005,0.0474525,0.007492499999999999,0.005494500000000006,0.021728249999999998,0.007492499999999999,0.0039960000000000065,0.015234749999999998,2.2630426147866247,0.0036641600263605267,0.003328490876374414,1.001634941588468,49.75141046425751,47.533232923578275,0.0021995627557655673,0.9125583601190178,0.9552792053211552
2026-07-25,/vol/bitbucket/osella/rl-qecc-data/supervisedLearning/grounding/mixed66-96_seed1.pth,/vol/bitbucket/osella/rl-qecc-data/supervisedLearning/codeEvaluationTrainingData/l_9_m_6,9,6,100000,6,True,0.7008349739714647,0.6972129925360139,0.7043315009726692,0.7713671443777483,0.7655783912786809,0.7767012831250818,37669,0.0037462499999999857,0.00024974999999999303,0.04220775,0.001748249999999986,0.0,0.0037462499999999996,0.001748249999999986,0.0,0.0037462499999999996,2.4773162205815313,0.0038098451993547632,0.003503269351217352,0.9686426924994986,50.43792239325517,47.533232923578275,0.0019877445153554454,0.9125583601190178,0.9552792053211552
2026-07-25,/vol/bitbucket/osella/rl-qecc-data/supervisedLearning/grounding/mixed66-96_seed2.pth,/vol/bitbucket/osella/rl-qecc-data/supervisedLearning/codeEvaluationTrainingData/l_9_m_6,9,6,100000,6,True,0.7309422876781437,0.7276753213180492,0.7343555946134884,0.7476186279079742,0.7421308517139973,0.7530618080743932,37669,0.015234749999999998,0.006493500000000006,0.015234749999999998,0.008491499999999999,0.004995000000000006,0.013236749999999999,0.005244749999999999,0.0032467500000000066,0.009490499999999999,2.2769192782950403,0.0034690914148996694,0.0032826554978886186,0.9227759370177311,49.73070614268373,47.533232923578275,0.0007925850593664208,0.9125583601190178,0.9552792053211552
2026-07-25,/vol/bitbucket/osella/rl-qecc-data/supervisedLearning/grounding/pure_2026-07-12_10-56-04.pth,/vol/bitbucket/osella/rl-qecc-data/supervisedLearning/codeEvaluationTrainingData/l_9_m_6,9,6,100000,6,True,0.5890359699029099,0.5844757957382118,0.5934435628247238,0.602624778195855,0.5952267326011832,0.6097729480198772,37669,0.018980999999999998,0.015728006250000006,0.020729249999999998,0.017857124999999995,0.013736250000000012,0.019480499999999998,0.015484499999999998,0.010239750000000013,0.018980999999999998,2.1110246515226363,0.004321579844449886,0.004098106808824928,1.3500320548087479,53.24330804204001,47.533232923578275,0.011917443680654576,0.9125583601190178,0.9552792053211552
2026-07-25,/vol/bitbucket/osella/rl-qecc-data/supervisedLearning/grounding/anchored_2026-07-12_10-56-04.pth,/vol/bitbucket/osella/rl-qecc-data/supervisedLearning/codeEvaluationTrainingData/l_9_m_6,9,6,100000,6,True,0.647898054949556,0.6437416434741101,0.6517857323616958,0.6850111767722012,0.6782860847393701,0.6912626589460422,37669,0.018980999999999998,0.015484500000000005,0.024225749999999997,0.014735249999999998,0.011987999999999999,0.021228749999999998,0.014735249999999998,0.010239750000000013,0.018980999999999998,2.1454869178438187,0.004019236925193344,0.0038442547862858954,1.3378528706540793,54.55087899850233,47.533232923578275,0.027298234539914992,0.9125583601190178,0.9552792053211552
2026-07-25,/vol/bitbucket/osella/rl-qecc-data/supervisedLearning/grounding/pure_2026-07-12_20-18-32.pth,/vol/bitbucket/osella/rl-qecc-data/supervisedLearning/codeEvaluationTrainingData/l_9_m_6,9,6,100000,6,True,0.6622819680796398,0.6582393024781369,0.666531517428269,0.5357588902805944,0.5268818258107913,0.5448783415197482,37669,0.016483499999999998,0.012987000000000005,0.01823174999999999,0.015983999999999998,0.011488500000000006,0.016733249999999998,0.013486499999999998,0.009490500000000013,0.015983999999999998,2.272951284905672,0.004160419955443048,0.004008511020310163,0.8918323391695189,55.961243421393775,47.533232923578275,0.021585104257357973,0.9125583601190178,0.9552792053211552
2026-07-25,/vol/bitbucket/osella/rl-qecc-data/supervisedLearning/grounding/anchored_2026-07-12_20-18-32.pth,/vol/bitbucket/osella/rl-qecc-data/supervisedLearning/codeEvaluationTrainingData/l_9_m_6,9,6,100000,6,True,0.585076641763406,0.580301960846666,0.589822566821654,0.4745984449150141,0.46517919305351446,0.48466021696342043,37669,0.016483499999999998,0.012987000000000005,0.019480499999999998,0.015234749999999998,0.011488500000000013,0.017981999999999998,0.011738249999999999,0.009240750000000006,0.016483499999999998,2.2942339143419264,0.004356525685843924,0.004374350864975734,0.7257749940406624,56.56556583224611,47.533232923578275,0.016335492589908105,0.9125583601190178,0.9552792053211552
2026-07-25,/vol/bitbucket/osella/rl-qecc-data/supervisedLearning/grounding/pure_2026-07-12_21-15-58.pth,/vol/bitbucket/osella/rl-qecc-data/supervisedLearning/codeEvaluationTrainingData/l_9_m_6,9,6,100000,6,True,0.7200781703624124,0.7169330463604957,0.7232619166995807,0.6961926634878441,0.689795714881351,0.7021920363239754,37669,0.018980999999999998,0.005244749999999999,0.018980999999999998,0.005244749999999999,0.0027222750000000014,0.01673324999999999,0.005244749999999999,0.0017482500000000067,0.009740249999999999,2.207796773511171,0.004168695258817032,0.003442630500559713,1.2154656877311716,55.79108513546273,47.533232923578275,0.03766925806407615,0.9125583601190178,0.9552792053211552
2026-07-25,/vol/bitbucket/osella/rl-qecc-data/supervisedLearning/grounding/anchored_2026-07-12_21-15-58.pth,/vol/bitbucket/osella/rl-qecc-data/supervisedLearning/codeEvaluationTrainingData/l_9_m_6,9,6,100000,6,True,0.6568043177268733,0.6528731097869095,0.6606560946315408,0.7154432117048707,0.7095590225508726,0.7215638235972471,37669,0.017482499999999998,0.013236750000000012,0.017482499999999998,0.014984999999999998,0.010989000000000006,0.017482499999999998,0.012737249999999992,0.009240749999999999,0.01673324999999999,2.280019390536547,0.004230802024403711,0.0038971537777934147,1.0330911960345734,55.77607748577786,47.533232923578275,0.032975729700680974,0.9125583601190178,0.9552792053211552
2026-07-25,/vol/bitbucket/osella/rl-qecc-data/supervisedLearning/2026-07-12_10-56-04/surrogate_6x6.pth,/vol/bitbucket/osella/rl-qecc-data/supervisedLearning/codeEvaluationTrainingData/l_15_m_3,15,3,17373,6,,0.4037879100519859,0.39095645027796866,0.41712073553557993,0.4037879100519859,0.39095645027796866,0.41712073553557993,17373,0.014485500000000002,0.009989999999999999,0.020979000000000005,0.009490499999999999,0.008491499999999999,0.01798199999999999,0.009490499999999999,0.007991999999999999,0.010489499999999999,3.5425666375034783,0.0073753790083146515,0.0030190246822489903,0.44056965843862117,201.52334577908397,129.49442058433314,0.0635585368748116,0.9028743216897501,0.9501969909917365
2026-07-25,/vol/bitbucket/osella/rl-qecc-data/supervisedLearning/2026-07-12_20-18-32/surrogate_6x6.pth,/vol/bitbucket/osella/rl-qecc-data/supervisedLearning/codeEvaluationTrainingData/l_15_m_3,15,3,17373,6,,0.21003120656656146,0.19415456545058724,0.2255067066045097,0.21003120656656146,0.19415456545058724,0.2255067066045097,17373,0.0024974999999999997,0.0014860125000000005,0.010489499999999999,0.0024974999999999997,0.0014860125000000005,0.005993999999999999,0.0024974999999999997,0.0014860125000000005,0.005993999999999992,4.183008718523537,0.00723685084722257,0.0033309667506700217,0.1253299579978251,202.0895294188465,129.49442058433314,0.06388558026942401,0.9028743216897501,0.9501969909917365
2026-07-25,/vol/bitbucket/osella/rl-qecc-data/supervisedLearning/2026-07-12_21-15-58/surrogate_6x6.pth,/vol/bitbucket/osella/rl-qecc-data/supervisedLearning/codeEvaluationTrainingData/l_15_m_3,15,3,17373,6,,0.6402727807194857,0.6304479559779289,0.6507718603185069,0.6402727807194857,0.6304479559779289,0.6507718603185069,17373,0.0034964999999999996,0.0014984999999999998,0.009989999999999992,0.0024974999999999997,0.0014860125000000005,0.005993999999999999,0.0024974999999999997,0.0009989999999999999,0.005993999999999999,3.7615777104175243,0.00724268758751903,0.0024671369631797282,0.889490294064849,196.78507122650612,129.49442058433314,0.06297815663581981,0.9028743216897501,0.9501969909917365
2026-07-25,/vol/bitbucket/osella/rl-qecc-data/supervisedLearning/grounding/mixed66-96_seed0.pth,/vol/bitbucket/osella/rl-qecc-data/supervisedLearning/codeEvaluationTrainingData/l_15_m_3,15,3,17373,6,False,0.6260014663591706,0.6163338620186873,0.6354528461945047,0.6260014663591706,0.6163338620186873,0.6354528461945047,17373,0.005993999999999999,0.0029969999999999927,0.008990999999999999,0.0029969999999999997,0.0019855125000000006,0.005993999999999999,0.0029969999999999997,0.0014984999999999998,0.00576695454545454,3.5740271366672496,0.0033501467512069786,0.0024758887875808797,1.5714948285663595,148.22030834538248,129.49442058433314,0.013569132944240432,0.9028743216897501,0.9501969909917365
2026-07-25,/vol/bitbucket/osella/rl-qecc-data/supervisedLearning/grounding/mixed66-96_seed1.pth,/vol/bitbucket/osella/rl-qecc-data/supervisedLearning/codeEvaluationTrainingData/l_15_m_3,15,3,17373,6,False,0.826022756964683,0.8204496430368393,0.8313289074113908,0.826022756964683,0.8204496430368393,0.8313289074113908,17373,0.0024974999999999997,0.0014860125000000005,0.025974000000000004,0.0024974999999999997,0.0014860125000000005,0.009490499999999999,0.0024974999999999997,0.0014860125000000005,0.006992999999999999,3.1084363752028175,0.0028382747744210924,0.001904047019981703,1.0538594297966295,145.538921913896,129.49442058433314,0.017492239926976266,0.9028743216897501,0.9501969909917365
2026-07-25,/vol/bitbucket/osella/rl-qecc-data/supervisedLearning/grounding/mixed66-96_seed2.pth,/vol/bitbucket/osella/rl-qecc-data/supervisedLearning/codeEvaluationTrainingData/l_15_m_3,15,3,17373,6,False,0.6861049149414419,0.6773689104611125,0.6946164661423299,0.6861049149414419,0.6773689104611125,0.6946164661423299,17373,0.025724250000000004,0.0,0.025724250000000004,0.0,0.0,0.0040414090909090886,0.0,0.0,0.0040414090909090886,5.691964560068862,0.0027271578519629477,0.0023984737414950203,0.8243273818709769,142.76424239095738,129.49442058433314,0.009752389018557883,0.9028743216897501,0.9501969909917365
2026-07-25,/vol/bitbucket/osella/rl-qecc-data/supervisedLearning/grounding/pure_2026-07-12_10-56-04.pth,/vol/bitbucket/osella/rl-qecc-data/supervisedLearning/codeEvaluationTrainingData/l_15_m_3,15,3,17373,6,True,0.619528879209983,0.6096569348771458,0.629698003951553,0.619528879209983,0.6096569348771458,0.629698003951553,17373,0.007991999999999999,0.0024974999999999997,0.009133714285714287,0.0034964999999999996,0.0019979999999999998,0.007991999999999999,0.0034964999999999996,0.0019979999999999998,0.005993999999999999,2.5045442101951707,0.00580581401271453,0.002580860309199515,0.9501868042094952,178.71217035586415,129.49442058433314,0.05086974180768843,0.9028743216897501,0.9501969909917365
2026-07-25,/vol/bitbucket/osella/rl-qecc-data/supervisedLearning/grounding/anchored_2026-07-12_10-56-04.pth,/vol/bitbucket/osella/rl-qecc-data/supervisedLearning/codeEvaluationTrainingData/l_15_m_3,15,3,17373,6,True,0.6367946106134522,0.6273023522701116,0.6469666386761448,0.6367946106134522,0.6273023522701116,0.6469666386761448,17373,0.0034964999999999996,0.0019979999999999998,0.009490499999999999,0.0034964999999999996,0.0019979999999999998,0.007991999999999999,0.0034964999999999996,0.0019979999999999998,0.006505987499999988,2.6023143393823345,0.005206565821149089,0.002419515438794754,0.7695525676621311,169.88426054686346,129.49442058433314,0.04391153171891617,0.9028743216897501,0.9501969909917365
2026-07-25,/vol/bitbucket/osella/rl-qecc-data/supervisedLearning/grounding/pure_2026-07-12_20-18-32.pth,/vol/bitbucket/osella/rl-qecc-data/supervisedLearning/codeEvaluationTrainingData/l_15_m_3,15,3,17373,6,True,0.4103661511144005,0.39756498528199685,0.42404312857010346,0.4103661511144005,0.39756498528199685,0.42404312857010346,17373,0.009490499999999999,0.008491499999999999,0.026223750000000004,0.009490499999999999,0.007991999999999992,0.024725250000000004,0.008491499999999999,0.0057669545454545335,0.009989999999999999,2.918361732820179,0.006060797466447817,0.002996156955195767,5.2225932591502024,219.46143582393694,129.49442058433314,0.03735215792323166,0.9028743216897501,0.9501969909917365
2026-07-25,/vol/bitbucket/osella/rl-qecc-data/supervisedLearning/grounding/anchored_2026-07-12_20-18-32.pth,/vol/bitbucket/osella/rl-qecc-data/supervisedLearning/codeEvaluationTrainingData/l_15_m_3,15,3,17373,6,True,0.3877191030071599,0.374710556548371,0.4011117283237695,0.3877191030071599,0.374710556548371,0.4011117283237695,17373,0.024725250000000004,0.009490499999999992,0.025536937500000002,0.008491499999999999,0.007492499999999999,0.024725250000000004,0.008491499999999999,0.0039959999999999996,0.01800073124999998,2.919367318407815,0.006325418629634896,0.0030863087611063575,6.545184078217883,239.85504573936657,129.49442058433314,0.039671423749929234,0.9028743216897501,0.9501969909917365
2026-07-25,/vol/bitbucket/osella/rl-qecc-data/supervisedLearning/grounding/pure_2026-07-12_21-15-58.pth,/vol/bitbucket/osella/rl-qecc-data/supervisedLearning/codeEvaluationTrainingData/l_15_m_3,15,3,17373,6,True,0.6694540403061524,0.6609939546866597,0.6784301445256533,0.6694540403061524,0.6609939546866597,0.6784301445256533,17373,0.007492499999999999,0.006481012499999993,0.0204795,0.007492499999999999,0.0040414090909090955,0.010988999999999999,0.0040414090909090955,0.0025429090909090887,0.009490499999999992,2.7827495062954375,0.00501551188476545,0.0024677299882219024,1.9681408722431912,174.58672187880418,129.49442058433314,0.04682928358345435,0.9028743216897501,0.9501969909917365
2026-07-25,/vol/bitbucket/osella/rl-qecc-data/supervisedLearning/grounding/anchored_2026-07-12_21-15-58.pth,/vol/bitbucket/osella/rl-qecc-data/supervisedLearning/codeEvaluationTrainingData/l_15_m_3,15,3,17373,6,True,0.7204670745557968,0.7127240524110007,0.7285498705818025,0.7204670745557968,0.7127240524110007,0.7285498705818025,17373,0.007492499999999999,0.005993999999999999,0.0204795,0.007492499999999999,0.0040414090909090886,0.010988999999999999,0.0040414090909090955,0.0030424090909090956,0.010988999999999992,2.88382127699042,0.004593685565933396,0.0023013081889142356,1.7134045606863662,169.1968506809208,129.49442058433314,0.04281915468814895,0.9028743216897501,0.9501969909917365
